, ,ΐΡ,ΐΡ,ΐΡ
•”–ε,ƒƒ“ƒo[,H25/3,H26/3,H27/3
“‹,m’J ­’j,"15,354,148","14,189,586","15,734,473"
“‹,––ΐ ‹vi,"14,777,806","2,746,088","11,740,353"
“‹,R‘γ ‰Γ–Ύ,"8,997,033","9,877,993","374,527"
“‹,μ ³N,"9,898,089","497,721","4,795,420"
“‹,’Ψ–{ ΐ‘¥,"6,311,197","11,926,240","14,381,188"
“‹,•—^ „,0,0,"12,666,691"
“‹,Φκ Y,0,0,"7,226,460"
“‹,w–μ ¬i,"13,248,990","5,171,390","21,269,353"
“‹,”μR Ll,0,0,"3,099,303"
“‹,— ‹,"5,653,534","4,787,029","5,924,464"
“‹,δ‹ _‘ΎN,"1,464,300","2,310,405","4,345,385"
“‹,’I‹΄ —Ij,0,0,"22,938"
“‹,‘’J ‹gχ,"16,927,550","5,292,047",0
“‹,–k”¨ —R”V,"28,981,283",0,0
“‹,•x‰Y υG,"15,841,595","7,512,696","12,304,517"
“‹,“V‰Ν C,"5,743,081","8,716,407","10,768,411"
“‹,εv C‰ξ,"1,472,679","10,961,976","7,081,488"
“‹,]F κ^,"1,444,046","5,567,209","7,402,249"
“‹,Ϋ ’Όκ,"10,536,311","545,512","7,417,385"
“‹,’†’n ‘P‘ΎY,0,0,"27,762"
“‹,R‰ —TΖ,"13,949,241","1,519,382","2,600,889"
“‹,’|–[ ‹M²,"9,038,944","8,203,495","4,390,692"
“‹,‘©‘Ί κ‹R,"8,992,541","4,309,221","2,150,822"
“‹,…’n Δ“ρ,0,0,"4,854,053"
“‹,ΐΦ “NO,0,0,"7,121,112"
“‹,‹γ”V’r ‘P°,"94,015","18,166,084","1,900,849"
“‹,ι`•Σ —Η,0,0,"1,686,959"
“‹,Ι[ b”γ,"4,930,930","1,747,838","3,230,833"
“‹,Γ’J —΄u,"194,179","13,885,275","7,740,569"
“‹, °ξ,0,0,"8,619"
“‹,‘’z β•v,"2,710,050","33,365,226",0
“‹,‰–{ ‹M•Ϋ,"14,032,884",0,0
“‹,–H¶ ‰λ—Ί,"79,631,550","20,257,666","41,849,634"
“‹,’†p —T‹L,"14,014,368","1,022,520","1,354,671"
“‹,²X”g “ΏN,"6,698,117","10,748,459","1,315,071"
“‹,E‰’ ‹BκY,"13,101,050","10,773,652","12,895,173"
“‹,—υ ‚Π‚λ‚έ,"4,956,288","5,094,432","11,231,501"
“‹,‰Τ‰Ξ •¶K,"15,852,121","4,225,357","2,043,202"
“‹,“‘Ί Ή“o,"3,343,953","5,203,018","10,701,588"
“‹,•ΠΨ •ΊΙ,"7,987,514","10,525,271","8,399,111"
“‹,δ΄ ‰λh,0,0,"11,359,268"
“‹,’η“ΰ ®•F,0,0,"1,480,987"
“‹,”δy ‘ε‹K,"15,773,634","5,244,505","17,458,110"
“‹,™”V“ΰ q”V,0,0,"2,295,084"
“‹,–qΞ ”[,"856,500","11,028,121","9,038,573"
“‹,–ε”¨ @–η,"568,188","22,822,124","5,745,292"
“‹,r… –Ξ‹M,0,0,"26,149"
“‹,Ϊ–{ ‘ε‹C,"13,989,727","25,325,314",0
“‹,oϋ _χ,"30,064,595",0,0
“‹,‰ΝΌ —S‹P,"4,002,419","14,744,956","14,024,594"
“‹,•Δ‘ς a‹I,"3,909,977","9,276,831","9,602,667"
“‹,ΐ ³°,"7,598,761","16,047,100","6,873,510"
“‹,‹ΰR ‘Χ“T,"6,890,252","14,339,331","6,533,658"
“‹,Ό‹v ®u,"10,383,116","17,752,794","6,729,774"
“‹,‰H΄ K‰ξ,0,0,"5,384"
“‹,_–{ GκY,"8,921,103","6,930,807","15,317,175"
“‹,Τ“‡ ’l,"11,286,074","12,853,306","14,566,035"
“‹,C ΉΖ,"8,656,229","13,962,188","14,849,304"
“‹,“Ώ‘ d‘¥,0,0,"13,413"
“‹,Χΐ ®“Ώ,"11,377,594","14,636,065","11,369,760"
“‹,ƒ‘ƒ G‘ΎY,"5,180,261","12,936,068","6,094,211"
“‹,–Ύ“c •–,"4,630,626","10,772,320","13,376,242"
“‹,‰—― ¬i,0,0,"15,455,402"
“‹,ΙΦ “Nm,0,0,"3,291,942"
“‹,–L—Ά —F–η,"13,887,842","16,176,041","11,309,720"
“‹,–{ΰV ‘l,0,0,"143,586"
“‹,‰H¬ ‰ξ,"5,968,430","8,273,600","5,004,343"
“‹,”ό“c —Ί,"13,686,640","11,821,987","5,480,993"
“‹,“΅•ΐ –ν,0,0,"36,208"
“‹,‘]–μ Ή‘Ύ,"26,358,634","32,840,426",0
“‹,‘δ δ΅,"28,326,169",0,0
“‹,•Ϋ‰®–μ —ί,"17,888,819","10,651,865","18,051,597"
“‹,’O“ΰ μ‹v•v,"83,575,609","25,074,654","8,522,682"
“‹,“~ ΉΝ,"74,454,693","5,963,596","69,851,923"
“‹,¬•z{ ~O,"28,585,225","33,036,171","23,458,097"
“‹,–k”¨ ‘εj,"45,984,232","36,021,617","6,210,144"
“‹,’†‘© ½u,"56,125,779","57,204,790","80,477,265"
“‹,³ΰV ‹gκ,0,0,"1,334,209"
“‹,΄³ “Ou,"14,177,805","12,052,573","4,324,759"
“‹,΅•τ ‰’j,"6,332,047","15,734,814","13,209,886"
“‹,•Δ–{ κu,"10,004,358","13,635,419","5,847,568"
“‹,Ί³ h–η,"4,186,620","10,556,083","87,514"
“‹,“yq l,"9,932,160","2,263,836","5,111,490"
“‹,γ–γ’ KΖ,0,0,"4,534,262"
“‹,”n£ ®—m,0,0,"8,169,957"
“‹,ϋό—Η ƒƒ^ƒ‹,"7,562,924","12,349,239","13,879,587"
“‹,–x£ ‘¥F,0,0,"346,987"
“‹,’†”n a–€,"5,859,210","7,224,791","8,503,247"
“‹,‘ε–΅ νs,"208,173","11,666,192","2,515,044"
“‹,”υ ΠκY,0,0,"39,185"
“‹,–§R ξκ,"11,778,654","30,519,423",0
“‹,•½•l ‘f’Ό,"31,000,713",0,0
“‹,I“c δO,"11,120,864","10,022,393","7,834,802"
“‹,•Δ‹Κ— ^—S,"7,159,341","13,970,595","9,745,112"
“‹,‹Θ•£ —T“l,"3,303,601","10,990,176","15,124,803"
“‹,΅— •qμ,"8,147,880","8,723,396","14,811,405"
“‹,‘q G—T,"10,880,897","1,493,993","13,792,523"
“‹,‘qP ‹±¶,"7,339,843","14,852,714","7,863,468"
“‹,–ΨΝ G—F,"7,451,685","6,826,700","3,224,993"
“‹,΅ΰV \‘ΎN,"4,924,914","1,786,343","9,606,919"
“‹,V‰Ύ •όκ,"4,142,284","1,726,521","14,342,689"
“‹,•i’J D“Ή,"8,836,122","4,673,176","1,680,601"
“‹,‰Ίκm ‰ΐ“Ή,0,0,"34,351"
“‹,›“ k—Ί,"5,354,805","15,014,793","11,950,810"
“‹,•H_ Δ΅,"1,582,904","6,833,553","10,914,601"
“‹,‰ΰV l”V,"1,936,148","11,815,931","7,833,035"
“‹,‹•ϋ ’mL,0,0,"13,719"
“‹,x”φ i‹v,"2,371,000","4,982,923","1,927,542"
“‹,’J–{ ‚δ‚©‚θ,"5,374,745","5,414,324","11,221,480"
“‹,’·£ ‚³‚β‚©,"14,940,002","8,323,912","11,149,213"
“‹,–k“ —I,0,0,"16,220,321"
“‹,υ‰ ‚Μ‚θ‚±,0,0,"7,768,266"
“‹,ϋό“c ^ΐq,"15,076,552","24,623,583","14,010,856"
“‹,”g“c–μ ‰Β“μq,0,0,"72,929"
“‹,’J‡ όq,"5,694,976","19,886,564","5,303,029"
“‹,–ke –ƒ”Ώ,"10,230,891","4,446,380","2,728,933"
“‹,θ —Ά•ΰ,0,0,"19,157"
“‹,‹΄—§ –ƒδ»,"41,874,311","41,947,507",0
“‹,•Δ³ ]—Ά“ή,"14,476,818",0,0
“‹,K–Ψ aΉ,"1,650,596","11,258,916","4,907,589"
“‹,…η —•δ,"10,162,493","1,116,073","7,208,703"
“‹,•½Ϊ –ΎΆ,"14,674,287","3,908,725","10,065,469"
“‹,Ό‹ΰ N],"13,425,690","5,818,015","13,383,679"
“‹,“κθ ’q],"15,006,362","8,684,851","6,862,373"
“‹,‰μ Ρ”ά,"59,969,258","29,971,822","59,666,420"
“‹,‹vu —Rίq,0,0,"1,787,423"
“‹,”~ t”T,"1,041,922","16,218,329","381,231"
“‹,ΐ”† ‚³‚Ζ”ό,"10,467,490","22,097,908","3,173,638"
“‹,”’’z —F–ƒ,0,0,"2,182"
“‹,–Ξ’J Ψ,"25,603,334","53,244,487",0
“‹,“ •q},"16,499,164",0,0
“‹,Ι‘½”g —Ψ,"8,084,252","6,577,239","1,251,152"
“‹,·Τ ‰p,"9,851,895","9,674,331","8,217,836"
“‹,³΄ ‹‰Τ—Ά,"1,071,695","2,973,355","11,012,388"
“‹,›”φ ‚Ώ‚¦q,"15,831,959","6,890,705","14,802,027"
“‹,‘ε’|ϋ –—Tq,"15,263,568","311,708","1,406,222"
“‹,Γ‚ —“ήq,"9,222,259","272,051","6,743,026"
“‹,‰H“ρ¶ –Ύ,"3,810,131","11,333,401","4,213,503"
“‹,•½Ό —•F,"6,166,517","2,221,303","9,523,831"
“‹,›–μ ’u,"1,509,511","23,255,327","1,598,994"
“‹,’|‰ WG,"11,148,935","22,020,347","3,242,939"
“‹,’©‰ μκY,0,0,"4,525"
“‹,p“c ’Όm,"56,023,366","33,538,276","60,603,283"
“‹,“‡K —,"31,929,267","17,298,049","48,407,646"
“‹,‰“΅ “NO,"9,901,047","21,434,840","7,384,952"
“‹,‚©‘ς —l,0,0,"20,410"
“‹,’·’| K΅,"7,916,883","6,377,522","14,598,244"
‘εγ,C•σ φ—Y,"11,742,492","10,089,287","9,086,847"
‘εγ,–ξγ [O,"11,178,826","15,309,496","13,572,448"
‘εγ,–ξƒ–•” ’j,0,0,"16,362,752"
‘εγ,–ε—Ρ κ“o,0,0,"9,177,316"
‘εγ,cΤ —EO,"9,199,199","14,699,014","2,991,183"
‘εγ,`‰Ί K‹I,0,0,"19,108,887"
‘εγ,β’Ξ –F¶,0,0,"3,153,183"
‘εγ,R’Γ ¤κY,"6,531,729","21,457,550","1,271,124"
‘εγ,“Ώ’n ’‰κ,0,0,"323,675"
‘εγ,¬²X ‰λ”Ν,"1,587,721","26,531,035","3,385,916"
‘εγ,¶–{ —ν,"7,852,587","3,262,624","2,344,858"
‘εγ,Ε“ΰ “Ήκ,0,0,"20,565"
‘εγ,’Σ’J ‘ρ‹I,"33,743,096","54,283,447",0
‘εγ,ν ³‘P,"11,577,151",0,0
‘εγ,–μ”¨ “ΉY,"15,488,183","11,297,783","5,936,859"
‘εγ,“ν‰ ‘ε,"1,452,433","7,180,109","1,990,264"
‘εγ,M’J ‰h•γ,"15,221,688","9,733,966","5,923,218"
‘εγ,“c›Έ –FL,"6,255,373","2,473,058","2,793,035"
‘εγ,‡ ’Ό–Ψ,"6,353,358","5,895,160","12,931,574"
‘εγ,“V“¶ dF,"3,089,990","5,847,163","7,645,678"
‘εγ,G —²™,0,0,"4,281,171"
‘εγ,•½Ό —•F,"38,393,881","37,770,057","5,855,023"
‘εγ,›–μ ’u,"4,676,794","16,172,358","36,006,506"
‘εγ,’|‰ WG,"52,358","48,432,920","14,939,090"
‘εγ,’©‰ μκY,"11,262,593","1,600,750","65,480,812"
‘εγ,p“c ’Όm,"7,562,548","10,615,673","67,610,268"
‘εγ,“‡K —,0,0,"16,992,887"
‘εγ,‰“΅ “NO,0,0,"2,141,972"
‘εγ,‚©‘ς —l,"250,947","25,727,791","20,575,541"
‘εγ,’·’| K΅,0,0,"3,083,009"
‘εγ,C•σ φ—Y,"2,231,507","16,330,681","7,548,121"
‘εγ,–ξγ [O,"358,398","8,680,049","5,681,782"
‘εγ,–ξƒ–•” ’j,0,0,"39,143"
‘εγ,–ε—Ρ κ“o,"6,491,650","17,219,189",0
‘εγ,cΤ —EO,"17,461,571",0,0
‘εγ,`‰Ί K‹I,"80,654,111","54,644,712","45,461,385"
‘εγ,β’Ξ –F¶,"5,366,380","11,992,010","7,998,772"
‘εγ,R’Γ ¤κY,"11,424,377","8,036,243","7,291,759"
‘εγ,“Ώ’n ’‰κ,"4,625,456","1,549,430","5,609,431"
‘εγ,¬²X ‰λ”Ν,"4,037,362","2,376,786","9,737,047"
‘εγ,¶–{ —ν,"2,179,413","4,826,276","9,032,573"
‘εγ,Ε“ΰ “Ήκ,"6,877,765","2,748,678","3,561,947"
‘εγ,’Σ’J ‘ρ‹I,"14,569,256","10,920,306","5,537,042"
‘εγ,ν ³‘P,"6,073,990","24,737,397","6,834,095"
‘εγ,–μ”¨ “ΉY,"9,294,296","11,611,041","7,103,886"
‘εγ,“ν‰ ‘ε,0,0,"33,164"
‘εγ,M’J ‰h•γ,"41,894,860","38,786,265","65,028,204"
‘εγ,“c›Έ –FL,"71,970,863","66,820,506","64,544,567"
‘εγ,‡ ’Ό–Ψ,"4,545,885","795,959","6,936,308"
‘εγ,“V“¶ dF,0,0,"8,334"
‘εγ,G —²™,"56,253,957","59,378,303","72,887,923"
‘εγ,¬΄ ‹Ε,"7,818,993","30,711,083","17,584,997"
‘εγ,K–μ ³‘ΎY,"2,492,009","69,776,489","37,047,203"
‘εγ,–μ •q’j,0,0,"2,135,140"
‘εγ,V‘q ‹MΝ,0,0,"86,737"
‘εγ,VΘ “ρN,"7,045,849","13,085,051","16,352,515"
‘εγ,a“c ΅,0,0,"2,291,630"
‘εγ,ΌΞ ‰ΐ—C,"6,113,713","19,062,105","844,211"
‘εγ,γ]F ‘μ–¤,"535,474","17,636,737","5,236,263"
‘εγ,”’’J P‘Ύ,0,0,989
‘εγ,–…”φ ’‰L,"49,466,323","54,118,084",0
‘εγ,Z θ¶,"19,164,205",0,0
‘εγ,‹Κθ ³‹C,"4,145,780","9,345,849","5,638,848"
‘εγ,”–Ψ“c _‹`,"5,971,082","11,934,546","15,492,537"
‘εγ,‘εΰ r[,"5,817,432","14,363,487","9,993,388"
‘εγ,‰i‹΄ \•,"9,685,230","5,383,409","11,205,255"
‘εγ,‘ –μ —SκN,"4,958,806","4,975,492","4,272,152"
‘εγ,’Ή’J•” –―¶,"5,114,284","8,509,323","2,434,750"
‘εγ,s“c ”L,0,0,"3,217,079"
‘εγ,•Ί ’‰,"478,648","4,272,589","7,481,133"
‘εγ,Hμ ²‘ε,"7,574,960","1,354,907","5,088,504"
‘εγ,‰ΊΘ •q²,0,0,"23,325"
‘εγ,ΐ•ϋ •Fr,"19,255,561","18,314,345",0
‘εγ,­Τ ΉΖ,"7,172,993",0,0
‘εγ,¬£ ‰h‹g,"9,816,805","552,575","2,392,728"
‘εγ,“c—Ά M,"11,047,240","11,546,159","4,695,830"
‘εγ,A© C‘Ύ,"7,287,776","14,024,474","2,713,979"
‘εγ,’hθ o,"7,200,493","12,206,272","6,678,968"
‘εγ,–{ V‘Ύ,"13,256,873","15,190,215","13,892,232"
‘εγ,“ς–μ ‹M,"14,052,912","12,129,662","10,173,355"
‘εγ,‹`‰i ΊG,"7,235,218","11,370,628","14,007,901"
‘εγ,“eμ ΄½,"9,247,250","14,906,461","12,283,901"
‘εγ,Mι ‘Ύ“ρ,"9,022,852","1,545,758","4,267,918"
‘εγ,‰ ^ξ,0,0,"25,240"
‘εγ,‹‰® ‹§—m,"6,031,143","16,749,377",0
‘εγ,δ –@”V,"6,869,616",0,0
‘εγ,Τ’‡ —T—Y,"12,359,954","13,526,430","13,660,503"
‘εγ,’†Vδ _Ζ,"4,638,938","10,762,217","4,845,362"
‘εγ,‰L“‡ –@¶,"506,200","6,565,082","1,664,783"
‘εγ,—“ G’‰,"15,696,541","14,200,641","9,681,896"
‘εγ,b”δ{ ‰h‘ ,"12,314,770","718,496","3,728,746"
‘εγ,‹“c —D•½,"5,194,603","123,199","13,653,854"
‘εγ,’θ ®a,0,0,"13,089,452"
‘εγ,½ ’Ό,"2,689,305","14,746,295","15,702,484"
‘εγ,O“c hi,"15,257,812","4,822,944","11,841,743"
‘εγ,–•” ‹Mυ,"8,584,641","6,935,596","15,909,100"
‘εγ,N—t υW,"5,383,208","12,676,243","5,549,172"
‘εγ,K“° ‹§κ,"1,631,183","4,700,291","8,878,251"
‘εγ,δη² ϋκ,0,0,"10,261,616"
‘εγ,ΐ‘ξ W—Η,0,0,"2,172,481"
‘εγ,`‰ –«‹M,"7,309,918","2,072,604","9,726,035"
‘εγ,‘ψ C‘ε,0,0,"2,312,872"
‘εγ,έ’† Ή‘Χ,"1,700,263","2,772,345","11,303"
‘εγ,_‰i ‹³•½,"11,114,613","6,806,360","4,991,269"
‘εγ,”’’Φ “j,0,0,"15,189"
–ΌΓ‰®,‰Ί_ ‚δ‚«‚¨,0,0,"16,341"
–ΌΓ‰®,•Τ ‰υl,"923,173",0,0
–ΌΓ‰®,Ά ‹vO,"9,012,772","5,708,781","9,344,633"
–ΌΓ‰®,μ—F–Ό ε,"2,825,841","4,840,802","9,499,510"
–ΌΓ‰®,γ•Π•½ ’¨,"2,522,817","10,653,811","8,264,868"
–ΌΓ‰®,‰κΓ ’q—S,"3,749,721","4,380,825","12,116,009"
–ΌΓ‰®,–° “S¶,"10,924,419","11,201,606","15,197,713"
–ΌΓ‰®,‰_•τ Ό”V•,"1,196,121","13,725,830","7,399,842"
–ΌΓ‰®,‹g“c ’BΖ,0,0,"21,790,132"
–ΌΓ‰®,Γ‰κ N,0,0,"299,916"
–ΌΓ‰®,‰ΊR ³s,"9,584,061","19,157,721","12,007,060"
–ΌΓ‰®,”Ρ‘Ί ~j,0,0,"2,158,016"
–ΌΓ‰®, • ‹`M,"3,073,279","17,347,916","7,131,601"
–ΌΓ‰®,•’J ‘ε“ρY,"4,133,308","5,301,992","5,280,745"
–ΌΓ‰®,‚•” °‹v,0,0,"37,461"
–ΌΓ‰®,–m•” ”M,"50,210,558","43,618,179",0
–ΌΓ‰®,λ–“ ³α,"23,483,770",0,0
–ΌΓ‰®,ΰFΰV κ”ό,"66,000,302","12,650,577","3,435,273"
–ΌΓ‰®,‘½Ξ ‘P‹v,"50,540,670","1,197,598","38,977,521"
–ΌΓ‰®,ΐ O‹B,"12,581,763","19,459,010","60,261,028"
–ΌΓ‰®,r–μ ²¶,"4,600,098","12,912,018","6,014,893"
–ΌΓ‰®,“΅η ½α,"223,223","11,500,354","1,673,231"
–ΌΓ‰®,δF ’κN,0,0,"12,581"
–ΌΓ‰®,Ι“¤“c r‹M,"5,098,417","26,546,452","45,726,025"
–ΌΓ‰®,Aθ “N–Ύ,"70,518,272","80,482,952","38,332,143"
–ΌΓ‰®,N–{ ’‰j,"52,941,993","48,219,632","66,133,054"
–ΌΓ‰®,‘ε”N –«”V,0,0,"1,786,259"
–ΌΓ‰®,–Ψ–μ“c F—S,"8,495,786","3,703,792",0
–ΌΓ‰®,Rs _[,"7,730,124","8,151,772",0
–ΌΓ‰®,‰Ίd «”,"11,428,167","13,603,794",0
–ΌΓ‰®,’|”n ³,"29,881,007",0,0
–ΌΓ‰®,ΰ_“ΰ Π—Ί,"28,493,540",0,0
–ΌΓ‰®,’I’J υ_,"12,672,807",0,0
–ΌΓ‰®,Ό’Γ ‹gυ,"55,353,741","32,036,202",0
–ΌΓ‰®,—K”γ ‘ε,"49,728,300","55,083,969","54,914,119"
–ΌΓ‰®,•z •qL,0,0,"11,584,632"
–ΌΓ‰®,³A –‹v,0,0,"5,508,698"
–ΌΓ‰®,·—Ρ ‚Β‚ζ‚µ,"3,659,878","2,862,904","11,385,109"
–ΌΓ‰®,R’Σ ‹,0,0,"1,531,305"
–ΌΓ‰®,•p ‰pj,"715,686","5,534,026","3,898,857"
–ΌΓ‰®,υ ’B“ρ,"9,815,524","21,083,681","4,463,318"
–ΌΓ‰®,‹Υ‰Ή ’¨–η,0,0,28
–ΌΓ‰®,Ό M°,"53,203,361","24,871,329",0
–ΌΓ‰®,”\“‡ φ‹v,"2,812,741",0,0
–ΌΓ‰®,’ΞR ‰p’m,"12,077,720","1,563,674","855,582"
–ΌΓ‰®,›Έ ’mm,"1,762,448","8,961,176","7,329,031"
–ΌΓ‰®,‰W’J ξj,"13,964,946","1,726,460","14,423,004"
–ΌΓ‰®,σ} —T–,"3,779,467","125,428","5,523,886"
–ΌΓ‰®,Ϊμ ”Νκ,"12,621,672","15,989,577","1,796,867"
–ΌΓ‰®,“Ήθ ‰p‚,"14,384,095","15,731,754","14,766,082"
–ΌΓ‰®,–Ξ φΖ,0,0,"13,092,385"
–ΌΓ‰®,ιΰV ‘ε,0,0,"7,190,112"
–ΌΓ‰®,”—–μ “l–²,"9,637,469","2,475,543","22,581,005"
–ΌΓ‰®,‹eκ •¶,0,0,"2,500,103"
–ΌΓ‰®,σE «‘ ,"3,345,950","10,419,451","2,643,390"
–ΌΓ‰®,‰Ζ’Λ ƒ^ƒPƒ‹,"288,695","3,602,779",0
–ΌΓ‰®,ιΞ —tκ,"15,593,094",0,0
–ΌΓ‰®,‹y”\ ’²,"26,930,114",0,0
–ΌΓ‰®,‰F‰ ³–υ,"2,037,804",0,0
–ΌΓ‰®,“y“‡ “Nb,"59,024,240","32,420,212",0
–ΌΓ‰®,Γ”gεU ’‰‰›,0,0,"2,190,518"
–ΌΓ‰®,δΛγ ³η,0,0,"5,059,378"
–ΌΓ‰®,£Λ_“ΰ ‹±¶,"11,568,719","1,289,358","9,560,539"
–ΌΓ‰®,£Λ–{ —ζ¶,0,0,"735,598"
–ΌΓ‰®,‰i‹u ‘¥G,"2,359,880","14,787,827","5,266,347"
–ΌΓ‰®,‰‹ ‘τ•v,"8,863,540","11,724,706","1,755,626"
–ΌΓ‰®,‰½μ –Ξ²,0,0,"31,782"
–ΌΓ‰®,–Ψ ‘u,"40,493,639","12,044,004",0
–ΌΓ‰®,β“c ‹B,"31,773,477",0,0
–ΌΓ‰®,’|–{ ‹Mm,"4,773,137","13,930,417","4,719,494"
–ΌΓ‰®,“ΰC a‹`,"3,778,850","12,265,041","10,789,126"
–ΌΓ‰®,έ–μ jY,"3,492,182","2,473,638","14,293,376"
–ΌΓ‰®,•Δ΄ όμ,"2,619,285","7,256,172","8,599,270"
–ΌΓ‰®,R‰Θ “ρN,"653,940","16,744,286","863,009"
–ΌΓ‰®,‘ι–μ ΄΅,"1,964,100","1,826,141",0
–ΌΓ‰®,“ —T–η,"1,009,635",0,0
–ΌΓ‰®,O’Λ Cl,"14,306,361",0,0
–ΌΓ‰®,Ϊ Lκ,"9,690,782",0,0
–ΌΓ‰®,δƒmϋ ·,"8,838,625","947,163",0
–ΌΓ‰®,‰«“κ ‰Δ‹P,0,0,"13,859,544"
–ΌΓ‰®,”“‡ —Η’j,0,0,"4,888,952"
–ΌΓ‰®,‘ε’Ή G¬,"13,429,476","5,677,864","732,473"
–ΌΓ‰®,’J–μ _‹`,0,0,"2,245,235"
–ΌΓ‰®,Ώμ _•F,"4,813,627","24,498,487","4,093,507"
–ΌΓ‰®,ΛΥ ’m¬,"13,109,416","3,285,527","3,928,723"
–ΌΓ‰®,γ£ —Ί‘ΎN,0,0,"29,404"
–ΌΓ‰®,‰Ν”g ®O,"33,457,567","41,599,363",0
–ΌΓ‰®,‘ε {,"28,002,427",0,0
–ΌΓ‰®,“c”V”¨ W–ν,"10,317,077","814,336","4,948,927"
–ΌΓ‰®,‰”φ D”V,"9,482,081","7,659,982","4,817,081"
–ΌΓ‰®,‚‘½ “ou—Y,"8,805,927","13,379,247","2,984,542"
–ΌΓ‰®,–“‡ ‰λ—R,"11,251,813","10,556,663",0
–ΌΓ‰®,“μ‰’ DK,"1,435,292",0,0
–ΌΓ‰®,M–μ ‘ε—ƒ,"4,965,962","8,189,718","54,543,035"
–ΌΓ‰®,•S–Ψ –F‹P,"7,774,654","11,132,603",0
–ΌΓ‰®,–Ψ‰κ ²”,"15,370,331","9,938,279",0
–ΌΓ‰®,–Ψ–Θ “S,"507,512","2,303,570","89,946"
–ΌΓ‰®,’£Θ x—Y,"83,630","16,948,791","1,536,573"
–ΌΓ‰®,›ΤR G—Ί,"12,313,120","6,305,957",0
–ΌΓ‰®,–– ’B,"27,671,300",0,0
–ΌΓ‰®,ΤΒ •ό“T,0,0,"35,422"
–ΌΓ‰®,βΊ “ΉΖ,"9,537,135","10,351,392",0
•‰,Γ’·’J Wu,"29,637,995",0,0
•‰,—L‹v «”Ν,0,0,"2,194"
•‰,ω‹v•Ϋ ‹M—Ί,"18,433,954","4,155,048",0
•‰,°–{ ”΅,"22,180,517",0,0
•‰,H’ε “κY,"10,585,828","8,332,404","11,613,790"
•‰,‘Ί’‡ ®,"4,551,361","15,484,340","6,948,864"
•‰,“ρ–Ψ ΞΆ,"6,132,500","10,650,047","4,509,829"
•‰,?© ’qκY,"9,855,152","13,161,561",0
•‰,γƒm‰€ ό,"45,345","22,622,416","1,984,604"
•‰,‰ •όG,"4,276,424","4,417,619","4,189,556"
•‰,I’Ψ ¬r,0,0,"4,052"
•‰,μ‹v–{ ^‰›,"8,448,128","6,749,361","8,152,035"
•‰,β‘εH ®—m,"6,049,625","12,861,081","13,402,335"
•‰,rΤ ϊm,"12,684,967","9,030,686","4,605,921"
•‰,•—Λ ηG,0,0,"14,577"
•‰,γ‹v cY,"659,537","12,763,389",0
•‰,’Γe ’qu,"4,717,861","4,674,690",0
•‰,‹M”V ^,"15,363,351","955,070",0
•‰,? —΄•¶,0,0,"6,869,693"
•‰,Γ… χκ,0,0,"9,061,174"
•‰,•β —T‚,"10,697,970","10,117,285","4,634,861"
•‰,ά£ ‰ΐ°,0,0,"3,223,243"
•‰,w’J ®h,"2,439,485","1,860,551","5,172,865"
•‰,‹Λ”φ ‹•,"5,340,234","20,093,651","5,992,108"
•‰,–Όδ ’·,0,0,"1,238"
•‰,‘½Ι—Η P–Ύ,"33,291,082","34,101,073",0
•‰,_θ ’q–η,"2,667,130",0,0
•‰,“c“ N”,"2,518,301","4,085,478","10,919,765"
•‰,΄“c ‹v,"3,863,002","12,358,917","14,391,514"
•‰,‘ε‰ ‘ρ^,"14,263,713","5,804,521","645,550"
•‰,eR ³r,"11,373,668","5,552,019","1,135,192"
•‰,…‹΄ κ–ν,"13,535,750","12,181,266","6,716,763"
•‰,’†‰z b•γ,"14,835,675","15,922,207","161,757"
•‰,‰Yϋ ‘Χi,0,0,"377,439"
•‰,ΐ¶ φi,"644,220","27,222,548","5,230,104"
•‰,”’Ξ ’q°,"14,562,403","7,157,381","4,319,762"
•‰,α–{ K—m,0,0,"13,840"
•‰,—L–– Ή,"9,172,615","10,726,252","3,467,334"
•‰,‰e“‡ —,"14,372,257","6,955,110","3,016,107"
•‰,Γ΄ ‰p‹M,"8,583,053","36,998,582","66,596,532"
•‰,‹{‰’ G¶,0,0,"21,765,892"
•‰,“‡ƒm] hj,"6,307,722","9,027,208","6,882,566"
•‰,‘Ύ“| χi,"13,041,929","6,472,169","13,259,481"
•‰,“ςθ W“T,"12,307,561","5,403,061","12,492,773"
•‰,”’ ”[,"56,548,085","3,457,210","56,577,338"
•‰,µη —Eu,"2,463,866","5,670,337","15,669,626"
•‰,γθ ‰ΐ‘ε,0,0,"21,070,035"
•‰,”H”e υ•q,0,0,"6,302,062"
•‰,o‰Ί –υ‘ε,"15,935,736","10,467,813","6,736,402"
•‰,Σ“ °¶,0,0,"1,928,621"
•‰,Aδ °i,"550,171","6,118,735","7,420,211"
•‰,‹΄”φ °κ,"11,506,683","11,654,948","4,970,308"
•‰,‰„ _ΐ,0,0,"36,125"
•‰,^“Ί —³‘ΎN,0,0,"12,389"
•‰,–{Ά •°,"22,372,801",0,0
•‰,‰Τ —S–,"3,679,872","3,757,367","14,156,372"
•‰,άδz aι,"15,687,044","5,899,437","8,868,586"
•‰,‘“χ υ–η,"15,178,995","12,390,706","4,617,660"
•‰,Η”φ –υa,"10,387,329","2,187,012","13,018,151"
•‰,γ”V‹½ Lι,"9,673,201","12,160,718","2,670,699"
•‰,¬”φ aς,"3,079,713","4,446,586","13,724,376"
•‰,‘q­–μ N[,0,0,"1,359,582"
•‰,έM ‚Π‚³‚µ,0,0,"4,554,793"
•‰,”’•” „“T,"4,007,569","16,043,696","14,567,504"
•‰,Λƒm‰ F”Ν,0,0,"3,235,654"
•‰,”ό”Ώ P‹`,"6,205,618","26,205,549","3,624,914"
•‰,“΅ϋό ‘ε¶,"13,464,784","1,355,488","76,480"
•‰,‰«ΰV ¨‘Ύ,0,0,"4,567"
•‰,V‚ ‘ρY,"3,850,042","53,170,287",0
•‰,Γθ ‘fs,"28,843,227",0,0
•‰,χ“ΰ «’,"3,284,386","7,938,227","16,052,949"
•‰,ό£ s”,"6,866,712","5,137,960","990,956"
ε‘δ,b”¨ ®G,"7,200,799","15,319,834","12,759,264"
ε‘δ,”φ”— ‹v‰i,"14,890,379","9,513,152","11,735,610"
ε‘δ,“ρƒmΫ ²‹`,"3,349,629","15,777,953","2,528,812"
ε‘δ,‹ί–Ψ ’mL,0,0,"8,021"
ε‘δ,‰~“΅ Ml,"12,233,176","8,640,652","1,718,466"
ε‘δ,δ—ϊ”[ –«‹M,"7,918,582","7,571,491","393,373"
ε‘δ,•H– j›,"13,817,726","14,895,915","9,170,166"
ε‘δ,Ξa“c φl,0,0,"12,999,146"
ε‘δ,βΉ P”V,"9,744,765","4,380,820",0
ε‘δ,“Ϋ G“ρY,"14,472,985","14,909,686",0
ε‘δ,‹`Τ h‘Ά,"14,650,100","2,336,623",0
ε‘δ,”δ“c ’θ—,"11,931,301","15,643,052","7,161,894"
ε‘δ,η» —Ο–η,"9,204,269","2,563,990","9,256,830"
ε‘δ,O’Γμ υL,"10,198,655","5,716,877","2,629,666"
ε‘δ,–L“c ’,"7,547,641","2,902,389",0
ε‘δ,έ–μ Λ•½,"21,315,924",0,0
ε‘δ,a’J G“T,"23,553,879",0,0
ε‘δ,_–Ψ —z,"29,460,597",0,0
ε‘δ,”~‰ ’qL,"974,415","1,885,068",0
ε‘δ,–k‰Ν «j,0,0,"11,710,024"
ε‘δ,•’J k‘ΎY,0,0,"4,033,269"
ε‘δ,•Ϋς ’ms,"194,420","20,052,175","12,702,397"
ε‘δ,‚ i,0,0,"1,990,905"
ε‘δ,ζR K,"5,149,802","4,973,258","8,927,893"
ε‘δ,£”\ ΉΊ,"13,270,638","18,770,473","319,978"
ε‘δ,‰F“y ’q—²,0,0,"19,707"
ε‘δ,”T”ό ³‹K,"55,601,597","10,322,611",0
ε‘δ,υ•x —Ηm,"17,938,399",0,0
ε‘δ,¬› r‘¥,"65,752,188","27,407,923","38,228,474"
ε‘δ,•Δ’n ›j,"4,215,138","15,566,101","16,885,499"
ε‘δ,“΄ Ί΅,"45,378,990","35,844,503","81,018,910"
ε‘δ,‰Τ•H υG,"17,691,702","15,771,652",0
ε‘δ,|‰ ’q²,"19,452,341",0,0
ε‘δ,γ‹v K¶,"34,999,617","52,832,039","38,149,165"
ε‘δ,’C‘Ί ’q”V,"22,329,788","21,663,594",0
ε‘δ,‘Oγ υκ,"1,379,684","48,850,773",0
ε‘δ,•Π“ G•γ,"3,781,400","25,428,980","793,396"
ε‘δ,‘δ μ•v,"6,775,041","3,456,828","6,166,271"
ε‘δ,–²η ^¶,"1,732,462","1,411,464",0
ε‘δ,’†”« ’Ό³,"23,341,503",0,0
ε‘δ,—Ρ‰Ί Km,0,0,"12,910"
ε‘δ,–Ψ‘D ‘Ύ‰λ,"17,316,704","16,092,518",0
ε‘δ,·δ L“ρ,"15,956,950",0,0
ε‘δ,Ό­ ­–¤,0,0,"3,801"
ε‘δ,o“X ‘Ύ—Ί,"17,364,835","24,632,710",0
ε‘δ,b“‡ ’B,"4,559,955",0,0
ε‘δ,γ• ‹M“l,"5,703,155","10,412,587","52,727,020"
ε‘δ,Λδ H—Y,"9,851,329","8,832,066","4,870,122"
ε‘δ,W· “T‰›,"13,032,238","642,554","9,339,002"
ε‘δ,’‰ ‚β‚·‚Π‚λ,"5,235,220","13,443,323",0
ε‘δ,όγ ‰h‘ ,"3,155,909","10,607,308","6,096,238"
ε‘δ,‘DΤ ³K,"6,956,304","5,291,332","699,554"
ε‘δ,–μ΅ “S•v,0,0,"7,886"
ε‘δ,‘P• —m—²,"5,610,257","11,009,110","11,775,283"
ε‘δ,σ’Γ ‘P,"12,549,250","13,678,926","2,541,207"
ε‘δ,–Lθ ‹v,"9,431,584","16,177,457","7,764,780"
ε‘δ,¬’Ξ ‘εΖ,0,0,"2,837"
ε‘δ,•¶μμ ‹j,"13,144,703","628,227",0
ε‘δ,“V‘ξ υ”V,"5,362,481","14,641,229",0
ε‘δ,’m΄ —²‰ΐ,"10,750,689","11,029,827",0
ε‘δ,—F‚ φμ,0,0,"16,848,085"
ε‘δ,_ a–η,0,0,"8,469,837"
ε‘δ,–¨Ή ‹Il,"5,582,040","48,795,797",0
ε‘δ,¶ΐ–{ •¶΅,"27,645,317",0,0
ε‘δ,“’γ’J “N‘¥,0,0,"11,026"
ε‘δ,Ω G«,"4,728,055","14,912,419",0
ε‘δ,βο‰® ‘Χ,"4,523,987",0,0
ε‘δ,’·‰Ί ’Ό•,"14,885,915","5,978,057","10,738,664"
ε‘δ,”Τ–{ ¬΅,"13,177,994","6,938,344","13,584,368"
ε‘δ,‰iE “Δ‹P,"8,663,352","15,645,381","10,837,873"
ε‘δ,R Π‘ΎY,"3,184,013","1,866,291","128,730"
ε‘δ,ιη P–Ύ,"4,223,192","6,553,326","6,748,831"
ε‘δ,› —μ,"1,237,187","22,164,229","7,133,347"
ε‘δ,’ί“ χ,"7,571,898","5,733,282","237,487"
”„γ‚‡v,,"95,422,950","128,587,126","74,738,248"
“‹,,"1,544,605,643","1,335,741,199","1,253,679,744"
‘εγ,,"918,045,513","1,164,326,892","1,051,115,963"
–ΌΓ‰®,,"1,192,097,453","876,784,111","721,480,795"
•‰,,"581,026,149","545,959,067","484,021,670"
ε‘δ,,"802,854,045","710,116,176","461,886,024"
”„γ‚‡v,,"3,654,748,609","3,376,852,202","3,026,276,502"
